<?xml version="1.0"?>
<!--<!DOCTYPE metadata SYSTEM "http://www.esri.com/metadata/esriprof80.dtd">-->
<metadata xml:lang="id"><Esri><CreaDate>20130621</CreaDate><CreaTime>08032300</CreaTime><SyncOnce>TRUE</SyncOnce><DataProperties><lineage><Process ToolSource="C:\Program Files\ArcGIS\ArcToolbox\Toolboxes\Data Management Tools.tbx\Project" Date="20120718" Time="112303">Project "Batas Desa Baru (Geographic)" "D:\Kerjaan\2011\Kab_Bojonegoro\KAB. BOJONEGORO\Peta Dasar\Batas Administrasi\Batas Desa Baru (Projected)2.shp" PROJCS['WGS_1984_UTM_Zone_49S',GEOGCS['GCS_WGS_1984',DATUM['D_WGS_1984',SPHEROID['WGS_1984',6378137.0,298.257223563]],PRIMEM['Greenwich',0.0],UNIT['Degree',0.0174532925199433]],PROJECTION['Transverse_Mercator'],PARAMETER['False_Easting',500000.0],PARAMETER['False_Northing',10000000.0],PARAMETER['Central_Meridian',111.0],PARAMETER['Scale_Factor',0.9996],PARAMETER['Latitude_Of_Origin',0.0],UNIT['Meter',1.0]] # GEOGCS['GCS_WGS_1984',DATUM['D_WGS_1984',SPHEROID['WGS_1984',6378137.0,298.257223563]],PRIMEM['Greenwich',0.0],UNIT['Degree',0.0174532925199433]]</Process></lineage></DataProperties><MetaID>{4AAF6316-76B0-43B2-B6CA-D61BE5CFB029}</MetaID></Esri><idinfo><citation><citeinfo><onlink Sync="TRUE">\\SISTEM-PC\D$\Ratna\2012\paparan RDTR\RTRW Kab. Bojonegoro\Batas Desa Baru (Geographic)</onlink></citeinfo></citation></idinfo><distInfo><distributor><distorTran><onLineSrc><linkage Sync="TRUE">file://\\SISTEM-PC\D$\Ratna\2012\paparan RDTR\RTRW Kab. Bojonegoro\Batas Desa Baru (Geographic)</linkage><protocol Sync="TRUE">Local Area Network</protocol></onLineSrc></distorTran></distributor></distInfo><dataqual><lineage><procstep><procdesc Sync="TRUE">Dataset copied.</procdesc><srcused Sync="TRUE">D:\Kerjaan\2011\Kab_Bojonegoro\Perkembangan\Profil\Rencana\Rencana Pola Ruang\Kecamatan_Baru</srcused><procdate Sync="TRUE">20120628</procdate><proctime Sync="TRUE">16564600</proctime></procstep><procstep><procdesc Sync="TRUE">Dataset copied.</procdesc><srcused Sync="TRUE"></srcused><procdate Sync="TRUE">20120629</procdate><proctime Sync="TRUE">16551300</proctime></procstep><procstep><procdesc Sync="TRUE">Dataset copied.</procdesc><srcused Sync="TRUE"></srcused><procdate Sync="TRUE">20120718</procdate><proctime Sync="TRUE">11230300</proctime></procstep><procstep><procdesc Sync="TRUE">Dataset copied.</procdesc><srcused Sync="TRUE">D:\Kerjaan\2011\Kab_Bojonegoro\KAB. BOJONEGORO\Peta Dasar\Batas Administrasi\Batas Desa Baru (Projected)</srcused><procdate Sync="TRUE">20121204</procdate><proctime Sync="TRUE">08242200</proctime></procstep><procstep><procdesc Sync="TRUE">Dataset copied.</procdesc><srcused Sync="TRUE">D:\Kerjaan\2011\Kab_Bojonegoro\KAB. BOJONEGORO\Peta Dasar\Batas Administrasi\Batas Desa Baru (Projected)</srcused><procdate Sync="TRUE">20130109</procdate><proctime Sync="TRUE">12234200</proctime></procstep><procstep><procdesc Sync="TRUE">Dataset copied.</procdesc><srcused Sync="TRUE">D:\Ratna\2012\paparan RDTR\RDTR Ngasem\Batas Desa Baru (Geographic)</srcused><procdate Sync="TRUE">20130621</procdate><proctime Sync="TRUE">08032300</proctime></procstep></lineage></dataqual></metadata>
