<?xml version="1.0"?>
<!--<!DOCTYPE metadata SYSTEM "http://www.esri.com/metadata/esriprof80.dtd">-->
<metadata xml:lang="en"><Esri><CreaDate>20130621</CreaDate><CreaTime>08032300</CreaTime><SyncOnce>TRUE</SyncOnce><DataProperties><lineage><Process Name="DefineProjection_4" ToolSource="C:\Program Files\ArcGIS\ArcToolbox\Toolboxes\Data Management Tools.tbx\DefineProjection" Date="20110613" Time="105011">DefineProjection "D:\KONSULTAN\RTRW\RTRW BOJONEGORO-22\BOJONEGORO-RTRW\PETA\BAKOSURTANAL\shp\Dasar\Shp\Jalan KA Bojonegoro - Copy_polyline.shp" PROJCS['WGS 1984 UTM, Zone 49 South, Meter',GEOGCS['WGS84',DATUM['D_WGS84',SPHEROID['World_Geodetic_System_of_1984',6378137.0,298.257223563]],PRIMEM['Greenwich',0.0],UNIT['Degree',0.0174532925199433]],PROJECTION['Transverse_Mercator'],PARAMETER['false_easting',500000.0],PARAMETER['false_northing',10000000.0],PARAMETER['central_meridian',111.0],PARAMETER['scale_factor',0.9996],PARAMETER['latitude_of_origin',0.0],UNIT['Meter',1.0]] "D:\KONSULTAN\RTRW\RTRW BOJONEGORO-22\BOJONEGORO-RTRW\PETA\BAKOSURTANAL\shp\Dasar\Shp\Jalan KA Bojonegoro - Copy_polyline.shp"</Process></lineage></DataProperties><MetaID>{B8F60AE4-0498-4360-93E8-A4CD603CA568}</MetaID></Esri><idinfo><citation><citeinfo><onlink Sync="TRUE">\\SISTEM-PC\D$\Ratna\2012\paparan RDTR\RTRW Kab. Bojonegoro\Jalan Kereta api</onlink></citeinfo></citation></idinfo><distInfo><distributor><distorTran><onLineSrc><linkage Sync="TRUE">file://\\SISTEM-PC\D$\Ratna\2012\paparan RDTR\RTRW Kab. Bojonegoro\Jalan Kereta api</linkage><protocol Sync="TRUE">Local Area Network</protocol></onLineSrc></distorTran></distributor></distInfo><dataqual><lineage><procstep><procdesc Sync="TRUE">Dataset copied.</procdesc><srcused Sync="TRUE">D:\Kerjaan\2011\RTRW Kab. BOJONEGORO 2011-2031\PETA\BAKOSURTANAL\shp\Dasar\Shp\Jalan KA Bojonegoro - Copy_polyline</srcused><procdate Sync="TRUE">20120628</procdate><proctime Sync="TRUE">17150500</proctime></procstep><procstep><procdesc Sync="TRUE">Dataset copied.</procdesc><srcused Sync="TRUE">D:\Kerjaan\2011\Kab_Bojonegoro\KAB. BOJONEGORO\Peta Dasar\Jalan\Jalan Kereta api</srcused><procdate Sync="TRUE">20121226</procdate><proctime Sync="TRUE">18385900</proctime></procstep><procstep><procdesc Sync="TRUE">Dataset copied.</procdesc><srcused Sync="TRUE">D:\Ratna\2012\paparan RDTR\RDTR Ngasem\Jalan Kereta api</srcused><procdate Sync="TRUE">20130621</procdate><proctime Sync="TRUE">08032300</proctime></procstep></lineage></dataqual></metadata>
