<?xml version="1.0"?>
<!--<!DOCTYPE metadata SYSTEM "http://www.esri.com/metadata/esriprof80.dtd">-->
<metadata xml:lang="en"><Esri><CreaDate>20130621</CreaDate><CreaTime>08032300</CreaTime><SyncOnce>TRUE</SyncOnce><MetaID>{B566CF52-7A0A-4A3E-B093-74ED3937189C}</MetaID></Esri><idinfo><citation><citeinfo><onlink Sync="TRUE">\\SISTEM-PC\D$\Ratna\2012\paparan RDTR\RTRW Kab. Bojonegoro\Batas Kecamatan Baru</onlink></citeinfo></citation></idinfo><distInfo><distributor><distorTran><onLineSrc><linkage Sync="TRUE">file://\\SISTEM-PC\D$\Ratna\2012\paparan RDTR\RTRW Kab. Bojonegoro\Batas Kecamatan Baru</linkage><protocol Sync="TRUE">Local Area Network</protocol></onLineSrc></distorTran></distributor></distInfo><dataqual><lineage><procstep><procdesc Sync="TRUE">Dataset copied.</procdesc><srcused Sync="TRUE">D:\Kerjaan\2011\Kab_Bojonegoro\KAB. BOJONEGORO\Peta Dasar\Batas Administrasi\Batas Kecamatan Baru</srcused><procdate Sync="TRUE">20130103</procdate><proctime Sync="TRUE">10240700</proctime></procstep><procstep><procdesc Sync="TRUE">Dataset copied.</procdesc><srcused Sync="TRUE">D:\Kerjaan\2011\Kab_Bojonegoro\KAB. BOJONEGORO\Peta Dasar\Batas Administrasi\Batas Kecamatan Revisi</srcused><procdate Sync="TRUE">20130111</procdate><proctime Sync="TRUE">09102000</proctime></procstep><procstep><procdesc Sync="TRUE">Dataset copied.</procdesc><srcused Sync="TRUE">D:\Ratna\2012\paparan RDTR\RDTR Ngasem\Batas Kecamatan Baru</srcused><procdate Sync="TRUE">20130621</procdate><proctime Sync="TRUE">08032300</proctime></procstep></lineage></dataqual></metadata>
