<?xml version="1.0"?>
<!--<!DOCTYPE metadata SYSTEM "http://www.esri.com/metadata/esriprof80.dtd">-->
<metadata xml:lang="id"><Esri><CreaDate>20130621</CreaDate><CreaTime>08032400</CreaTime><SyncOnce>TRUE</SyncOnce><MetaID>{ACD882E3-56E8-4217-A2F2-E0BFC9870B53}</MetaID></Esri><idinfo><citation><citeinfo><onlink Sync="TRUE">\\SISTEM-PC\D$\Ratna\2012\paparan RDTR\RTRW Kab. Bojonegoro\Sungai Bengawan Solo</onlink></citeinfo></citation></idinfo><distInfo><distributor><distorTran><onLineSrc><linkage Sync="TRUE">file://\\SISTEM-PC\D$\Ratna\2012\paparan RDTR\RTRW Kab. Bojonegoro\Sungai Bengawan Solo</linkage><protocol Sync="TRUE">Local Area Network</protocol></onLineSrc></distorTran></distributor></distInfo><dataqual><lineage><procstep><procdesc Sync="TRUE">Dataset copied.</procdesc><srcused Sync="TRUE">D:\Kerjaan\2011\Kab_Bojonegoro\degree\Sungai Bengawan Solo</srcused><procdate Sync="TRUE">20120628</procdate><proctime Sync="TRUE">17213400</proctime></procstep><procstep><procdesc Sync="TRUE">Dataset copied.</procdesc><srcused Sync="TRUE">D:\Kerjaan\2011\Kab_Bojonegoro\KAB. BOJONEGORO\Peta Dasar\Perairan\Sungai Bengawan Solo</srcused><procdate Sync="TRUE">20121226</procdate><proctime Sync="TRUE">18395100</proctime></procstep><procstep><procdesc Sync="TRUE">Dataset copied.</procdesc><srcused Sync="TRUE">D:\Ratna\2012\paparan RDTR\RDTR Ngasem\Sungai Bengawan Solo</srcused><procdate Sync="TRUE">20130621</procdate><proctime Sync="TRUE">08032400</proctime></procstep></lineage></dataqual></metadata>
