<?xml version="1.0" encoding="UTF-8"?>
<metadata xml:lang="id"><Esri><CreaDate>20180108</CreaDate><CreaTime>19542600</CreaTime><SyncOnce>FALSE</SyncOnce><DataProperties><lineage><Process ToolSource="c:\program files (x86)\arcgis\desktop10.3\ArcToolbox\Toolboxes\Data Management Tools.tbx\CalculateField" Date="20171011" Time="233140">CalculateField "Jalan Kabupaten 2" HTML_POPUP ""&lt;img src=" &amp; """" &amp; [FOTO] &amp; """" &amp; " /&gt;"" VB #</Process><Process ToolSource="c:\program files (x86)\arcgis\desktop10.3\ArcToolbox\Toolboxes\Data Management Tools.tbx\CalculateField" Date="20171011" Time="233451">CalculateField "Jalan Kabupaten" HTML_POPUP ""&lt;img src=" &amp; """" &amp; [FOTO] &amp; """" &amp; " /&gt;"" VB #</Process><Process ToolSource="c:\program files (x86)\arcgis\desktop10.3\ArcToolbox\Toolboxes\Data Management Tools.tbx\CalculateField" Date="20171012" Time="042126">CalculateField "Jalan Kabupaten" HTML_POPUP ""&lt;img src=" &amp; """" &amp; [FOTO] &amp; """" &amp; " width='250' /&gt;"" VB #</Process><Process ToolSource="c:\program files (x86)\arcgis\desktop10.3\ArcToolbox\Toolboxes\Data Management Tools.tbx\CalculateField" Date="20171012" Time="042254">CalculateField "Jalan Kabupaten" HTML_POPUP ""&lt;img src=" &amp; """" &amp; [FOTO] &amp; """" &amp; " width='250' /&gt;"" VB #</Process><Process ToolSource="c:\program files (x86)\arcgis\desktop10.3\ArcToolbox\Toolboxes\Data Management Tools.tbx\CalculateField" Date="20171012" Time="043307">CalculateField "Jalan Kabupaten" HTML_POPUP ""&lt;img src=" &amp; """" &amp; [FOTO_2017] &amp; """" &amp; " width='250' /&gt;"" VB #</Process><Process ToolSource="c:\program files (x86)\arcgis\desktop10.3\ArcToolbox\Toolboxes\Data Management Tools.tbx\CalculateField" Date="20171012" Time="083237">CalculateField "Jalan Kabupaten" HTML_POPUP ""&lt;img src=" &amp; """" &amp; [FOTO_2017] &amp; """" &amp; " width='250' /&gt;"" VB #</Process><Process ToolSource="c:\program files (x86)\arcgis\desktop10.3\ArcToolbox\Toolboxes\Data Management Tools.tbx\CalculateField" Date="20171015" Time="014056">CalculateField "Jalan Kabupaten" HTML_POPUP ""&lt;img src=" &amp; """" &amp; [FOTO_2017] &amp; """" &amp; " width='250' /&gt;"" VB #</Process><Process ToolSource="c:\program files (x86)\arcgis\desktop10.3\ArcToolbox\Toolboxes\Data Management Tools.tbx\CalculateField" Date="20171015" Time="014200">CalculateField "Jalan Kabupaten" HTML_POPUP ""&lt;img src=" &amp; """" &amp; [FOTO_2017] &amp; """" &amp; " width='250' /&gt;"" VB #</Process><Process ToolSource="c:\program files (x86)\arcgis\desktop10.3\ArcToolbox\Toolboxes\Data Management Tools.tbx\CalculateField" Date="20171015" Time="014534">CalculateField "Jalan Kabupaten" HTML_POPUP ""&lt;img src=" &amp; """" &amp; [FOTO_2017] &amp; """" &amp; " width='250' /&gt;"" VB #</Process><Process ToolSource="c:\program files (x86)\arcgis\desktop10.3\ArcToolbox\Toolboxes\Data Management Tools.tbx\CalculateField" Date="20171016" Time="135325">CalculateField "Jalan Kabupaten" HTML_POPUP ""&lt;img src=" &amp; """" &amp; [FOTO_2017] &amp; """" &amp; " width='250' /&gt;"" VB #</Process><Process ToolSource="c:\program files (x86)\arcgis\desktop10.3\ArcToolbox\Toolboxes\Data Management Tools.tbx\CalculateField" Date="20171016" Time="142308">CalculateField "Jalan Kabupaten" HTML_POPUP ""&lt;img src=" &amp; """" &amp; [FOTO_2017] &amp; """" &amp; " width='250' /&gt;"" VB #</Process><Process ToolSource="c:\program files (x86)\arcgis\desktop10.3\ArcToolbox\Toolboxes\Data Management Tools.tbx\CalculateField" Date="20171017" Time="212230">CalculateField "Jalan Kabupaten" HTML_POPUP ""&lt;img src=" &amp; """" &amp; [FOTO_2017] &amp; """" &amp; " width='250' /&gt;"" VB #</Process><Process ToolSource="c:\program files (x86)\arcgis\desktop10.3\ArcToolbox\Toolboxes\Data Management Tools.tbx\CalculateField" Date="20171017" Time="212943">CalculateField "Jalan Kabupaten" HTML_POPUP ""&lt;img src=" &amp; """" &amp; [FOTO_2017] &amp; """" &amp; " width='250' /&gt;"" VB #</Process><Process ToolSource="c:\program files (x86)\arcgis\desktop10.3\ArcToolbox\Toolboxes\Data Management Tools.tbx\CalculateField" Date="20171017" Time="225421">CalculateField "Jalan Kabupaten" HTML_POPUP ""&lt;img src=" &amp; """" &amp; [FOTO_2017] &amp; """" &amp; " width='250' /&gt;"" VB #</Process><Process ToolSource="c:\program files (x86)\arcgis\desktop10.3\ArcToolbox\Toolboxes\Data Management Tools.tbx\CalculateField" Date="20171018" Time="024048">CalculateField "Jalan Kabupaten" HTML_POPUP ""&lt;img src=" &amp; """" &amp; [FOTO_2017] &amp; """" &amp; " width='250' /&gt;"" VB #</Process><Process ToolSource="c:\program files (x86)\arcgis\desktop10.3\ArcToolbox\Toolboxes\Data Management Tools.tbx\CalculateField" Date="20171018" Time="024612">CalculateField "Jalan Kabupaten" HTML_POPUP ""&lt;img src=" &amp; """" &amp; [FOTO_2017] &amp; """" &amp; " width='250' /&gt;"" VB #</Process><Process ToolSource="c:\program files (x86)\arcgis\desktop10.3\ArcToolbox\Toolboxes\Data Management Tools.tbx\CalculateField" Date="20171020" Time="221944">CalculateField "Jalan Kabupaten" HTML_POPUP ""&lt;img src=" &amp; """" &amp; [FOTO_2017] &amp; """" &amp; " width='250' /&gt;"" VB #</Process><Process ToolSource="c:\program files (x86)\arcgis\desktop10.3\ArcToolbox\Toolboxes\Data Management Tools.tbx\CalculateField" Date="20171024" Time="080425">CalculateField "Jalan Kabupaten" HTML_POPUP ""&lt;img src=" &amp; """" &amp; [FOTO_2017] &amp; """" &amp; " width='250' /&gt;"" VB #</Process><Process ToolSource="c:\program files (x86)\arcgis\desktop10.3\ArcToolbox\Toolboxes\Data Management Tools.tbx\CalculateField" Date="20171025" Time="210354">CalculateField "Jalan Kabupaten" HTML_POPUP ""&lt;img src=" &amp; """" &amp; [FOTO_2017] &amp; """" &amp; " width='250' /&gt;"" VB #</Process><Process ToolSource="c:\program files (x86)\arcgis\desktop10.3\ArcToolbox\Toolboxes\Data Management Tools.tbx\CalculateField" Date="20171025" Time="215202">CalculateField "Jalan Kabupaten" HTML_POPUP ""&lt;img src=" &amp; """" &amp; [FOTO_2017] &amp; """" &amp; " width='250' /&gt;"" VB #</Process><Process ToolSource="c:\program files (x86)\arcgis\desktop10.3\ArcToolbox\Toolboxes\Data Management Tools.tbx\CalculateField" Date="20171025" Time="224150">CalculateField "Jalan Kabupaten" HTML_POPUP ""&lt;img src=" &amp; """" &amp; [FOTO_2017] &amp; """" &amp; " width='250' /&gt;"" VB #</Process><Process ToolSource="c:\program files (x86)\arcgis\desktop10.3\ArcToolbox\Toolboxes\Data Management Tools.tbx\CalculateField" Date="20171025" Time="224528">CalculateField "Jalan Kabupaten" HTML_POPUP ""&lt;img src=" &amp; """" &amp; [FOTO_2017] &amp; """" &amp; " width='250' /&gt;"" VB #</Process><Process ToolSource="c:\program files (x86)\arcgis\desktop10.3\ArcToolbox\Toolboxes\Data Management Tools.tbx\CalculateField" Date="20171025" Time="225447">CalculateField "Jalan Kabupaten" HTML_POPUP ""&lt;img src=" &amp; """" &amp; [FOTO_2017] &amp; """" &amp; " width='250' /&gt;"" VB #</Process><Process ToolSource="c:\program files (x86)\arcgis\desktop10.3\ArcToolbox\Toolboxes\Data Management Tools.tbx\CalculateField" Date="20171026" Time="092352">CalculateField "Jalan Kabupaten" HTML_POPUP ""&lt;img src=" &amp; """" &amp; [FOTO_2017] &amp; """" &amp; " width='250' /&gt;"" VB #</Process><Process ToolSource="c:\program files (x86)\arcgis\desktop10.3\ArcToolbox\Toolboxes\Data Management Tools.tbx\CalculateField" Date="20171026" Time="093513">CalculateField "Jalan Kabupaten" HTML_POPUP ""&lt;img src=" &amp; """" &amp; [FOTO_2017] &amp; """" &amp; " width='500' /&gt;"" VB #</Process><Process ToolSource="c:\program files (x86)\arcgis\desktop10.3\ArcToolbox\Toolboxes\Data Management Tools.tbx\CalculateField" Date="20171026" Time="093559">CalculateField "Jalan Kabupaten" HTML_POPUP ""&lt;img src=" &amp; """" &amp; [FOTO_2017] &amp; """" &amp; " width='500' /&gt;"" VB #</Process><Process ToolSource="c:\program files (x86)\arcgis\desktop10.3\ArcToolbox\Toolboxes\Data Management Tools.tbx\CalculateField" Date="20171026" Time="093613">CalculateField "Jalan Kabupaten" HTML_POPUP ""&lt;img src=" &amp; """" &amp; [FOTO_2017] &amp; """" &amp; " width='500' /&gt;"" VB #</Process><Process ToolSource="c:\program files (x86)\arcgis\desktop10.3\ArcToolbox\Toolboxes\Data Management Tools.tbx\CalculateField" Date="20171026" Time="093626">CalculateField "Jalan Kabupaten" HTML_POPUP ""&lt;img src=" &amp; """" &amp; [FOTO_2017] &amp; """" &amp; " width='500' /&gt;"" VB #</Process><Process ToolSource="c:\program files (x86)\arcgis\desktop10.3\ArcToolbox\Toolboxes\Data Management Tools.tbx\CalculateField" Date="20171028" Time="071202">CalculateField "Jalan Kabupaten" HTML_POPUP ""&lt;img src=" &amp; """" &amp; [FOTO_2017] &amp; """" &amp; " width='250' /&gt;"" VB #</Process><Process ToolSource="c:\program files (x86)\arcgis\desktop10.3\ArcToolbox\Toolboxes\Data Management Tools.tbx\CalculateField" Date="20171031" Time="145608">CalculateField "Jalan Kabupaten" HTML_POPUP ""&lt;img src=" &amp; """" &amp; [FOTO_2017] &amp; """" &amp; " width='500' /&gt;"" VB #</Process><Process ToolSource="c:\program files (x86)\arcgis\desktop10.3\ArcToolbox\Toolboxes\Data Management Tools.tbx\CalculateField" Date="20171031" Time="145616">CalculateField "Jalan Kabupaten" HTML_POPUP ""&lt;img src=" &amp; """" &amp; [FOTO_2017] &amp; """" &amp; " width='500' /&gt;"" VB #</Process><Process ToolSource="c:\program files (x86)\arcgis\desktop10.3\ArcToolbox\Toolboxes\Data Management Tools.tbx\CalculateField" Date="20171112" Time="150720">CalculateField "Jalan Kabupaten" HTML_POPUP ""&lt;img src=" &amp; """" &amp; [FOTO_2017] &amp; """" &amp; " width='500' /&gt;"" VB #</Process><Process ToolSource="c:\program files (x86)\arcgis\desktop10.3\ArcToolbox\Toolboxes\Data Management Tools.tbx\CalculateField" Date="20171117" Time="220848">CalculateField "Jalan Bojonegoro 2017" HTML_POPUP ""&lt;img src=" &amp; """" &amp; [FOTO_2017] &amp; """" &amp; " width='500' /&gt;"" VB #</Process><Process ToolSource="c:\program files (x86)\arcgis\desktop10.3\ArcToolbox\Toolboxes\Data Management Tools.tbx\CalculateField" Date="20171117" Time="220911">CalculateField "Jalan Bojonegoro 2017" HTML_POPUP ""&lt;img src=" &amp; """" &amp; [FOTO_2017] &amp; """" &amp; " width='500' /&gt;"" VB #</Process><Process ToolSource="c:\program files (x86)\arcgis\desktop10.3\ArcToolbox\Toolboxes\Data Management Tools.tbx\CalculateField" Date="20180108" Time="204440">CalculateField "1. Ruas_Jalan_Bojonegoro_2017" HTML_POPUP ""&lt;img src=" &amp; """" &amp; [FOTO_2017] &amp; """" &amp; " width='500' /&gt;"" VB #</Process></lineage><itemProps><itemName Sync="TRUE">Ruas_Jalan_Bjn_2017_Fix</itemName><imsContentType Sync="TRUE">002</imsContentType><nativeExtBox><westBL Sync="TRUE">111.487358</westBL><eastBL Sync="TRUE">112.154634</eastBL><southBL Sync="TRUE">-7.449785</southBL><northBL Sync="TRUE">-7.022188</northBL><exTypeCode Sync="TRUE">1</exTypeCode></nativeExtBox><itemSize Sync="TRUE">0.159</itemSize><itemLocation><linkage Sync="TRUE">file://\\DIMASPRDN\D$\New folder\Jalan Bojonegoro 2017\Rencana Jalan Bojonegoro 2017.gdb</linkage><protocol Sync="TRUE">Local Area Network</protocol></itemLocation></itemProps><coordRef><type Sync="TRUE">Geographic</type><geogcsn Sync="TRUE">GCS_WGS_1984</geogcsn><csUnits Sync="TRUE">Angular Unit: Degree (0.017453)</csUnits><peXml Sync="TRUE">&lt;GeographicCoordinateSystem xsi:type='typens:GeographicCoordinateSystem' xmlns:xsi='http://www.w3.org/2001/XMLSchema-instance' xmlns:xs='http://www.w3.org/2001/XMLSchema' xmlns:typens='http://www.esri.com/schemas/ArcGIS/10.3'&gt;&lt;WKT&gt;GEOGCS[&amp;quot;GCS_WGS_1984&amp;quot;,DATUM[&amp;quot;D_WGS_1984&amp;quot;,SPHEROID[&amp;quot;WGS_1984&amp;quot;,6378137.0,298.257223563]],PRIMEM[&amp;quot;Greenwich&amp;quot;,0.0],UNIT[&amp;quot;Degree&amp;quot;,0.0174532925199433],AUTHORITY[&amp;quot;EPSG&amp;quot;,4326]]&lt;/WKT&gt;&lt;XOrigin&gt;-400&lt;/XOrigin&gt;&lt;YOrigin&gt;-400&lt;/YOrigin&gt;&lt;XYScale&gt;1111948722.2222221&lt;/XYScale&gt;&lt;ZOrigin&gt;-100000&lt;/ZOrigin&gt;&lt;ZScale&gt;10000&lt;/ZScale&gt;&lt;MOrigin&gt;-100000&lt;/MOrigin&gt;&lt;MScale&gt;10000&lt;/MScale&gt;&lt;XYTolerance&gt;8.983152841195215e-009&lt;/XYTolerance&gt;&lt;ZTolerance&gt;0.001&lt;/ZTolerance&gt;&lt;MTolerance&gt;0.001&lt;/MTolerance&gt;&lt;HighPrecision&gt;true&lt;/HighPrecision&gt;&lt;LeftLongitude&gt;-180&lt;/LeftLongitude&gt;&lt;WKID&gt;4326&lt;/WKID&gt;&lt;LatestWKID&gt;4326&lt;/LatestWKID&gt;&lt;/GeographicCoordinateSystem&gt;</peXml></coordRef></DataProperties><SyncDate>20171227</SyncDate><SyncTime>10494000</SyncTime><ModDate>20171227</ModDate><ModTime>10494000</ModTime><ArcGISFormat>1.0</ArcGISFormat></Esri><idinfo><citation><citeinfo><onlink Sync="TRUE">\\COMPAQ-PC\D$\paparan RDTR\RDTR Ngasem\Jalan Kabupaten</onlink></citeinfo></citation></idinfo><distInfo><distributor><distorTran><onLineSrc><linkage Sync="TRUE">file://\\COMPAQ-PC\D$\paparan RDTR\RDTR Ngasem\Jalan Kabupaten</linkage><protocol Sync="TRUE">Local Area Network</protocol></onLineSrc></distorTran></distributor><distFormat><formatName Sync="TRUE">File Geodatabase Feature Class</formatName></distFormat><distTranOps><transSize Sync="TRUE">0.159</transSize></distTranOps></distInfo><dataqual><lineage><procstep><procdesc Sync="TRUE">Dataset copied.</procdesc><srcused Sync="TRUE">D:\Kerjaan\2011\Kab_Bojonegoro\degree\Jalan Bojonegoro</srcused><procdate Sync="TRUE">20120628</procdate><proctime Sync="TRUE">17141900</proctime></procstep><procstep><procdesc Sync="TRUE">Dataset copied.</procdesc><srcused Sync="TRUE">D:\Kerjaan\2011\Kab_Bojonegoro\KAB. BOJONEGORO\Peta Dasar\Jalan\Jalan Kabupaten</srcused><procdate Sync="TRUE">20121226</procdate><proctime Sync="TRUE">18385900</proctime></procstep></lineage></dataqual><dataIdInfo><envirDesc Sync="TRUE"> Version 6.2 (Build 9200) ; Esri ArcGIS 10.3.1.4959</envirDesc><dataLang><languageCode value="eng" Sync="TRUE"></languageCode><countryCode value="USA" Sync="TRUE"></countryCode></dataLang><idCitation><resTitle Sync="TRUE">Ruas_Jalan_Bjn_2017_Fix</resTitle><presForm><PresFormCd value="005" Sync="TRUE"></PresFormCd></presForm></idCitation><spatRpType><SpatRepTypCd value="001" Sync="TRUE"></SpatRepTypCd></spatRpType><dataExt><geoEle><GeoBndBox esriExtentType="search"><exTypeCode Sync="TRUE">1</exTypeCode><westBL Sync="TRUE">111.487358</westBL><eastBL Sync="TRUE">112.154634</eastBL><northBL Sync="TRUE">-7.022188</northBL><southBL Sync="TRUE">-7.449785</southBL></GeoBndBox></geoEle></dataExt></dataIdInfo><mdLang><languageCode value="eng" Sync="TRUE"></languageCode><countryCode value="USA" Sync="TRUE"></countryCode></mdLang><mdHrLv><ScopeCd value="005" Sync="TRUE"></ScopeCd></mdHrLv><mdHrLvName Sync="TRUE">dataset</mdHrLvName><refSysInfo><RefSystem><refSysID><identCode code="4326" Sync="TRUE"></identCode><idCodeSpace Sync="TRUE">EPSG</idCodeSpace><idVersion Sync="TRUE">8.6.2</idVersion></refSysID></RefSystem></refSysInfo><spatRepInfo><VectSpatRep><geometObjs Name="Ruas_Jalan_Bjn_2017_Fix"><geoObjTyp><GeoObjTypCd value="002" Sync="TRUE"></GeoObjTypCd></geoObjTyp><geoObjCnt Sync="TRUE">0</geoObjCnt></geometObjs><topLvl><TopoLevCd value="001" Sync="TRUE"></TopoLevCd></topLvl></VectSpatRep></spatRepInfo><spdoinfo><ptvctinf><esriterm Name="Ruas_Jalan_Bjn_2017_Fix"><efeatyp Sync="TRUE">Simple</efeatyp><efeageom code="3" Sync="TRUE"></efeageom><esritopo Sync="TRUE">FALSE</esritopo><efeacnt Sync="TRUE">0</efeacnt><spindex Sync="TRUE">TRUE</spindex><linrefer Sync="TRUE">FALSE</linrefer></esriterm></ptvctinf></spdoinfo><eainfo><detailed Name="Ruas_Jalan_Bjn_2017_Fix"><enttyp><enttypl Sync="TRUE">Ruas_Jalan_Bjn_2017_Fix</enttypl><enttypt Sync="TRUE">Feature Class</enttypt><enttypc Sync="TRUE">0</enttypc></enttyp><attr><attrlabl Sync="TRUE">OBJECTID</attrlabl><attalias Sync="TRUE">OBJECTID</attalias><attrtype Sync="TRUE">OID</attrtype><attwidth Sync="TRUE">4</attwidth><atprecis Sync="TRUE">0</atprecis><attscale Sync="TRUE">0</attscale><attrdef Sync="TRUE">Internal feature number.</attrdef><attrdefs Sync="TRUE">Esri</attrdefs><attrdomv><udom Sync="TRUE">Sequential unique whole numbers that are automatically generated.</udom></attrdomv></attr><attr><attrlabl Sync="TRUE">Shape</attrlabl><attalias Sync="TRUE">Shape</attalias><attrtype Sync="TRUE">Geometry</attrtype><attwidth Sync="TRUE">0</attwidth><atprecis Sync="TRUE">0</atprecis><attscale Sync="TRUE">0</attscale><attrdef Sync="TRUE">Feature geometry.</attrdef><attrdefs Sync="TRUE">Esri</attrdefs><attrdomv><udom Sync="TRUE">Coordinates defining the features.</udom></attrdomv></attr><attr><attrlabl Sync="TRUE">NAMA_JALAN</attrlabl><attalias Sync="TRUE">NAMA_JALAN</attalias><attrtype Sync="TRUE">String</attrtype><attwidth Sync="TRUE">36</attwidth><atprecis Sync="TRUE">0</atprecis><attscale Sync="TRUE">0</attscale></attr><attr><attrlabl Sync="TRUE">STATUS</attrlabl><attalias Sync="TRUE">STATUS</attalias><attrtype Sync="TRUE">String</attrtype><attwidth Sync="TRUE">25</attwidth><atprecis Sync="TRUE">0</atprecis><attscale Sync="TRUE">0</attscale></attr><attr><attrlabl Sync="TRUE">LEBAR</attrlabl><attalias Sync="TRUE">LEBAR</attalias><attrtype Sync="TRUE">Single</attrtype><attwidth Sync="TRUE">4</attwidth><atprecis Sync="TRUE">0</atprecis><attscale Sync="TRUE">0</attscale></attr><attr><attrlabl Sync="TRUE">HTML_POPUP</attrlabl><attalias Sync="TRUE">HTML_POPUP</attalias><attrtype Sync="TRUE">String</attrtype><attwidth Sync="TRUE">250</attwidth><atprecis Sync="TRUE">0</atprecis><attscale Sync="TRUE">0</attscale></attr><attr><attrlabl Sync="TRUE">FOTO_2017</attrlabl><attalias Sync="TRUE">FOTO_2017</attalias><attrtype Sync="TRUE">String</attrtype><attwidth Sync="TRUE">250</attwidth><atprecis Sync="TRUE">0</atprecis><attscale Sync="TRUE">0</attscale></attr><attr><attrlabl Sync="TRUE">Label_No</attrlabl><attalias Sync="TRUE">Label_No</attalias><attrtype Sync="TRUE">String</attrtype><attwidth Sync="TRUE">50</attwidth><atprecis Sync="TRUE">0</atprecis><attscale Sync="TRUE">0</attscale></attr><attr><attrlabl Sync="TRUE">Label_JL</attrlabl><attalias Sync="TRUE">Label_JL</attalias><attrtype Sync="TRUE">String</attrtype><attwidth Sync="TRUE">50</attwidth><atprecis Sync="TRUE">0</atprecis><attscale Sync="TRUE">0</attscale></attr><attr><attrlabl Sync="TRUE">No_Kota</attrlabl><attalias Sync="TRUE">No_Kota</attalias><attrtype Sync="TRUE">String</attrtype><attwidth Sync="TRUE">50</attwidth><atprecis Sync="TRUE">0</atprecis><attscale Sync="TRUE">0</attscale></attr><attr><attrlabl Sync="TRUE">Urut</attrlabl><attalias Sync="TRUE">Urut</attalias><attrtype Sync="TRUE">SmallInteger</attrtype><attwidth Sync="TRUE">2</attwidth><atprecis Sync="TRUE">0</atprecis><attscale Sync="TRUE">0</attscale></attr><attr><attrlabl Sync="TRUE">perkerasan</attrlabl><attalias Sync="TRUE">perkerasan</attalias><attrtype Sync="TRUE">String</attrtype><attwidth Sync="TRUE">50</attwidth><atprecis Sync="TRUE">0</atprecis><attscale Sync="TRUE">0</attscale></attr><attr><attrlabl Sync="TRUE">kondisi_jl</attrlabl><attalias Sync="TRUE">kondisi_jl</attalias><attrtype Sync="TRUE">String</attrtype><attwidth Sync="TRUE">50</attwidth><atprecis Sync="TRUE">0</atprecis><attscale Sync="TRUE">0</attscale></attr><attr><attrlabl Sync="TRUE">tipe_jln</attrlabl><attalias Sync="TRUE">tipe_jln</attalias><attrtype Sync="TRUE">String</attrtype><attwidth Sync="TRUE">50</attwidth><atprecis Sync="TRUE">0</atprecis><attscale Sync="TRUE">0</attscale></attr><attr><attrlabl Sync="TRUE">Panjang_KM</attrlabl><attalias Sync="TRUE">Panjang_KM</attalias><attrtype Sync="TRUE">String</attrtype><attwidth Sync="TRUE">50</attwidth><atprecis Sync="TRUE">0</atprecis><attscale Sync="TRUE">0</attscale></attr><attr><attrlabl Sync="TRUE">Bahu_Jalan</attrlabl><attalias Sync="TRUE">Bahu_Jalan</attalias><attrtype Sync="TRUE">String</attrtype><attwidth Sync="TRUE">50</attwidth><atprecis Sync="TRUE">0</atprecis><attscale Sync="TRUE">0</attscale></attr><attr><attrlabl Sync="TRUE">Kecamatan</attrlabl><attalias Sync="TRUE">Kecamatan</attalias><attrtype Sync="TRUE">String</attrtype><attwidth Sync="TRUE">50</attwidth><atprecis Sync="TRUE">0</atprecis><attscale Sync="TRUE">0</attscale></attr><attr><attrlabl Sync="TRUE">TP_Pangkal</attrlabl><attalias Sync="TRUE">TP_Pangkal</attalias><attrtype Sync="TRUE">String</attrtype><attwidth Sync="TRUE">50</attwidth><atprecis Sync="TRUE">0</atprecis><attscale Sync="TRUE">0</attscale></attr><attr><attrlabl Sync="TRUE">TP_Ujung</attrlabl><attalias Sync="TRUE">TP_Ujung</attalias><attrtype Sync="TRUE">String</attrtype><attwidth Sync="TRUE">50</attwidth><atprecis Sync="TRUE">0</atprecis><attscale Sync="TRUE">0</attscale></attr><attr><attrlabl Sync="TRUE">persen_oke</attrlabl><attalias Sync="TRUE">persen_oke</attalias><attrtype Sync="TRUE">String</attrtype><attwidth Sync="TRUE">50</attwidth><atprecis Sync="TRUE">0</atprecis><attscale Sync="TRUE">0</attscale></attr><attr><attrlabl Sync="TRUE">F_tdkmanta</attrlabl><attalias Sync="TRUE">F_tdkmanta</attalias><attrtype Sync="TRUE">String</attrtype><attwidth Sync="TRUE">50</attwidth><atprecis Sync="TRUE">0</atprecis><attscale Sync="TRUE">0</attscale></attr><attr><attrlabl Sync="TRUE">Shape_Length</attrlabl><attalias Sync="TRUE">Shape_Length</attalias><attrtype Sync="TRUE">Double</attrtype><attwidth Sync="TRUE">8</attwidth><atprecis Sync="TRUE">0</atprecis><attscale Sync="TRUE">0</attscale><attrdef Sync="TRUE">Length of feature in internal units.</attrdef><attrdefs Sync="TRUE">Esri</attrdefs><attrdomv><udom Sync="TRUE">Positive real numbers that are automatically generated.</udom></attrdomv></attr></detailed></eainfo><mdDateSt Sync="TRUE">20171227</mdDateSt></metadata>
